{"cameraMode":{"drawMode":0,"name":"Shaded","section":"Shading Mode"},"sceneLighting":true,"audioPlay":false,"sceneViewState":{"showFog":true,"showMaterialUpdate":false,"showSkybox":true,"showFlares":true,"showImageEffects":true,"showParticleSystems":true},"in2DMode":false,"pivot":{"x":-0.08312550187110901,"y":0.6264241337776184,"z":1.3625599145889283},"rotation":{"x":0.2035292237997055,"y":-0.07235762476921082,"z":0.014904203824698925,"w":0.9763408303260803},"size":1.4099555015563965,"orthographic":false}