{"cameraMode":{"drawMode":0,"name":"Shaded","section":"Shading Mode"},"sceneLighting":false,"audioPlay":false,"sceneViewState":{"showFog":true,"showMaterialUpdate":false,"showSkybox":true,"showFlares":true,"showImageEffects":true,"showParticleSystems":true},"in2DMode":false,"pivot":{"x":46.2159423828125,"y":4.880851745605469,"z":-14.700096130371094},"rotation":{"x":0.11387945711612702,"y":0.8769855499267578,"z":-0.25710704922676089,"w":0.3899887502193451},"size":25.094314575195314,"orthographic":false}