{"cameraMode":{"drawMode":0,"name":"Shaded","section":"Shading Mode"},"sceneLighting":true,"audioPlay":false,"sceneViewState":{"showFog":true,"showMaterialUpdate":false,"showSkybox":true,"showFlares":true,"showImageEffects":true,"showParticleSystems":true},"in2DMode":false,"pivot":{"x":-2.6408543586730959,"y":0.20640802383422852,"z":3.725938081741333},"rotation":{"x":-0.22549837827682496,"y":0.4024374186992645,"z":-0.10297427326440811,"w":-0.881287157535553},"size":11.4494047164917,"orthographic":false}