{"cameraMode":{"drawMode":0,"name":"Shaded","section":"Shading Mode"},"sceneLighting":false,"audioPlay":false,"sceneViewState":{"showFog":true,"showMaterialUpdate":false,"showSkybox":false,"showFlares":true,"showImageEffects":true,"showParticleSystems":true},"in2DMode":false,"pivot":{"x":-2.9191629886627199,"y":0.15669798851013184,"z":-2.3736636638641359},"rotation":{"x":0.06484273821115494,"y":-0.9113143682479858,"z":0.15767616033554078,"w":0.37498030066490176},"size":7.249218463897705,"orthographic":false}