{"cameraMode":{"drawMode":0,"name":"Shaded","section":"Shading Mode"},"sceneLighting":true,"audioPlay":false,"sceneViewState":{"showFog":true,"showMaterialUpdate":false,"showSkybox":true,"showFlares":true,"showImageEffects":true,"showParticleSystems":true},"in2DMode":false,"pivot":{"x":1.7602739334106446,"y":-1.0837516784667969,"z":4.085191249847412},"rotation":{"x":-0.22626569867134095,"y":-0.18429869413375855,"z":0.043551888316869739,"w":-0.9555096626281738},"size":5.891038417816162,"orthographic":false}