{"cameraMode":{"drawMode":0,"name":"Shaded","section":"Shading Mode"},"sceneLighting":false,"audioPlay":false,"sceneViewState":{"showFog":true,"showMaterialUpdate":false,"showSkybox":false,"showFlares":true,"showImageEffects":true,"showParticleSystems":true},"in2DMode":false,"pivot":{"x":7.695903778076172,"y":0.8479673862457275,"z":-13.102546691894532},"rotation":{"x":0.0015472028171643615,"y":0.998565673828125,"z":-0.03446178510785103,"w":0.041672252118587497},"size":51.23649597167969,"orthographic":false}