{"cameraMode":{"drawMode":0,"name":"Shaded","section":"Shading Mode"},"sceneLighting":true,"audioPlay":false,"sceneViewState":{"showFog":true,"showMaterialUpdate":false,"showSkybox":true,"showFlares":true,"showImageEffects":true,"showParticleSystems":true},"in2DMode":false,"pivot":{"x":0.8392501473426819,"y":-3.427504539489746,"z":15.494820594787598},"rotation":{"x":-0.16007107496261598,"y":-0.02729002758860588,"z":0.004403326194733381,"w":-0.9868006706237793},"size":15.674752235412598,"orthographic":false}