{"cameraMode":{"drawMode":0,"name":"Shaded","section":"Shading Mode"},"sceneLighting":true,"audioPlay":false,"sceneViewState":{"showFog":true,"showMaterialUpdate":false,"showSkybox":true,"showFlares":true,"showImageEffects":true,"showParticleSystems":true},"in2DMode":false,"pivot":{"x":-2.793703079223633,"y":-5.463769912719727,"z":4.444397926330566},"rotation":{"x":0.40170836448669436,"y":-0.236429825425148,"z":0.10806888341903687,"w":0.878164529800415},"size":9.703154563903809,"orthographic":false}