{"cameraMode":{"drawMode":0,"name":"Shaded","section":"Shading Mode"},"sceneLighting":false,"audioPlay":false,"sceneViewState":{"showFog":true,"showMaterialUpdate":false,"showSkybox":false,"showFlares":true,"showImageEffects":true,"showParticleSystems":true},"in2DMode":false,"pivot":{"x":0.04981785640120506,"y":-1.0179767608642579,"z":2.683046817779541},"rotation":{"x":0.27482157945632937,"y":0.007527071516960859,"z":-0.002251839265227318,"w":0.961517870426178},"size":3.401561975479126,"orthographic":false}