{"cameraMode":{"drawMode":0,"name":"Shaded","section":"Shading Mode"},"sceneLighting":true,"audioPlay":false,"sceneViewState":{"showFog":true,"showMaterialUpdate":false,"showSkybox":true,"showFlares":true,"showImageEffects":true,"showParticleSystems":true},"in2DMode":false,"pivot":{"x":0.4824984073638916,"y":0.21836024522781373,"z":0.7626639604568481},"rotation":{"x":-0.35924041271209719,"y":-0.3116024136543274,"z":0.12871843576431275,"w":-0.8702941536903381},"size":1.276709794998169,"orthographic":false}