{"cameraMode":{"drawMode":0,"name":"Shaded","section":"Shading Mode"},"sceneLighting":false,"audioPlay":false,"sceneViewState":{"showFog":true,"showMaterialUpdate":false,"showSkybox":true,"showFlares":true,"showImageEffects":true,"showParticleSystems":true},"in2DMode":false,"pivot":{"x":-0.07768657803535462,"y":0.673274576663971,"z":1.0937881469726563},"rotation":{"x":-0.1812790334224701,"y":0.1532149761915207,"z":-0.02834535576403141,"w":-0.9711410403251648},"size":1.5704786777496338,"orthographic":false}