{"cameraMode":{"drawMode":0,"name":"Shaded","section":"Shading Mode"},"sceneLighting":false,"audioPlay":false,"sceneViewState":{"showFog":true,"showMaterialUpdate":false,"showSkybox":false,"showFlares":true,"showImageEffects":true,"showParticleSystems":true},"in2DMode":false,"pivot":{"x":12.287413597106934,"y":-3.5655884742736818,"z":-8.336295127868653},"rotation":{"x":-0.07318835705518723,"y":-0.8833441138267517,"z":0.14641112089157105,"w":-0.43956708908081057},"size":17.536746978759767,"orthographic":false}