{"cameraMode":{"drawMode":0,"name":"Shaded","section":"Shading Mode"},"sceneLighting":true,"audioPlay":false,"sceneViewState":{"showFog":true,"showMaterialUpdate":false,"showSkybox":true,"showFlares":true,"showImageEffects":true,"showParticleSystems":true},"in2DMode":false,"pivot":{"x":4.33197021484375,"y":-0.33265817165374758,"z":1.5873030424118043},"rotation":{"x":-0.4581202566623688,"y":-0.4281459152698517,"z":0.2680545151233673,"w":-0.7314536571502686},"size":1.8171513080596924,"orthographic":false}